time,nt11
0.0,25.0
1.0,25.0
2.0,25.0
3.0,25.0
4.0,25.0
4.711100101470947,25.0
4.712100028991699,6269.259030527359
4.713099956512451,5583.413390052201
4.714099884033203,4745.289366061094
4.715099811553955,4185.803312894168
4.716100215911865,3773.4278253510606
4.717100143432617,3472.8654273992584
4.718100070953369,3229.0850801475103
4.719099998474121,3027.295383583121
4.720099925994873,2857.312913544324
4.721099853515625,2711.9494335494614
4.722099781036377,2586.011855121823
4.723100185394287,2475.6673297031484
4.724100112915039,2378.031184305319
4.725100040435791,2290.8933136839805
4.726099967956543,2212.5329156185044
4.736100196838379,1732.1010707125731
4.746099948883057,1472.5301784016558
4.756100177764893,1297.3976105958877
4.76609992980957,1175.2728467092131
4.776100158691406,1080.9004360207625
4.786099910736084,1005.7266279178772
4.79610013961792,944.3105843818647
4.806099891662598,893.0508608771199
4.816100120544434,849.4857852212066
4.826099872589111,811.8864234930084
4.836100101470947,779.0088589092321
4.846099853515625,749.938273204247
4.856100082397461,723.9880530255722
4.866099834442139,700.6330365723763
4.876100063323975,679.4644688197544
4.886099815368652,660.159017065485
4.896100044250488,642.4571383729273
4.906099796295166,626.1476859786884
4.916100025177002,611.0568000637755
4.92609977722168,597.0397680258084
4.936100006103516,583.9749449991585
4.946100234985352,571.7591818465668
4.956099987030029,560.3043384047412
4.966100215911865,549.5345434072067
4.976099967956543,539.3840825664033
4.986100196838379,529.7957085503472
4.996099948883057,520.7192816932545
5.006100177764893,512.110671870202
5.01609992980957,503.9308743408388
5.026100158691406,496.1452734291959
5.036099910736084,488.72302248400445
5.04610013961792,481.63654235701443
5.056099891662598,474.8611006387147
5.066100120544434,468.37443112281807
5.076099872589111,462.1564474300462
5.086100101470947,456.18896394413883
5.096099853515625,450.45548532591204
5.106100082397461,444.9410032242063
5.116099834442139,439.6318359836339
5.126100063323975,434.5154717431678
5.136099815368652,429.5804578762386
5.146100044250488,424.81628420275445
5.156099796295166,420.2132751510978
5.166100025177002,415.7625232791684
5.17609977722168,411.4558005358176
5.186100006103516,407.2855004781318
5.196100234985352,403.2445700163203
5.206099987030029,399.32647282952894
5.216100215911865,395.525119288438
5.226099967956543,391.83485409137614
5.236100196838379,388.2503936836779
5.246099948883057,384.7668103184199
5.256100177764893,381.37949478022546
5.26609992980957,378.08412725170365
5.276100158691406,374.8766612357834
5.286099910736084,371.75329728245464
5.29610013961792,368.7104607291593
5.306099891662598,365.7447921280057
5.316100120544434,362.853126831516
5.326099872589111,360.0324730328872
5.336100101470947,357.28001024357224
5.346099853515625,354.59307340015
5.356100082397461,351.96914186138866
5.366099834442139,349.4058250144676
5.376100063323975,344.64132644295785
5.386099815368652,342.88685332260076
5.396100044250488,340.87383576477464
5.406099796295166,338.75438039120814
5.416100025177002,336.6089414796952
5.42609977722168,334.46996738148385
5.436100006103516,332.3520686350712
5.446100234985352,330.26241910881106
5.456099987030029,328.2046775904372
5.466100215911865,326.1806673149403
5.476099967956543,324.1911722357671
5.486100196838379,322.2363667621454
5.496099948883057,318.8782607674689
5.506100177764893,317.3897366916602
5.51609992980957,315.7435316343877
5.526100158691406,314.0446574354568
5.536099910736084,312.3392333061697
5.54610013961792,310.64417980191206
5.556099891662598,308.9666485083617
5.566100120544434,307.310023647317
5.576099872589111,305.6759912976692
5.586100101470947,304.06537400387674
5.596099853515625,302.4785051064697
5.606100082397461,300.9154262182303
5.616099834442139,299.3759951083298
5.626100063323975,296.55497719785615
5.636099815368652,295.4393223123125
5.646100044250488,294.168736602714
5.656099796295166,292.8348947353464
5.666100025177002,291.48323946006354
5.67609977722168,290.13168870114237
5.686100006103516,288.7882583168358
5.696100234985352,287.4569334922554
5.706099987030029,286.13981424275437
5.716100215911865,284.8380379305585
5.726099967956543,283.55219417003997
5.736100196838379,282.2825465241978
5.746099948883057,279.80639816826255
5.756100177764893,278.92775347443666
5.76609992980957,277.8963083741526
5.776100158691406,276.79992712688374
5.786099910736084,275.6815621512277
5.79610013961792,274.5581917622192
5.806099891662598,273.4375388678149
5.816100120544434,272.32356427135744
5.826099872589111,271.218470428536
5.836100101470947,270.12353183460885
5.846099853515625,269.03949835006705
5.856100082397461,267.9667945452378
5.866099834442139,266.90564416956016
5.876100063323975,264.7057289590641
5.886099815368652,264.00478881466864
5.896100044250488,263.157304713335
5.906099796295166,262.24549617752916
5.916100025177002,261.3096825793577
5.92609977722168,260.36584966289035
5.936100006103516,259.42131788696383
5.946100234985352,258.4798835414157
5.956099987030029,257.54369697368963
5.966100215911865,256.6140444431896
5.976099967956543,255.691716408243
5.986100196838379,254.777204690877
5.996099948883057,252.77742701016496
6.006100177764893,252.19924435431724
6.01609992980957,251.4792586807401
6.026100158691406,250.69573164959343
6.036099910736084,249.88706704944892
6.04610013961792,249.0685276599518
6.056099891662598,248.24713222420044
6.066100120544434,247.42654902197967
6.076099872589111,246.60887791870763
6.086100101470947,245.79539847283857
6.096099853515625,244.9869179354413
6.106100082397461,244.1839565124281
6.116099834442139,243.38684919361626
6.126100063323975,241.55570035834972
6.136099815368652,241.0748913708007
6.146100044250488,240.45761329841181
6.156099796295166,239.77827277151096
6.166100025177002,239.07339686294983
6.17609977722168,238.3575208437596
6.186100006103516,237.63734317240352
6.196100234985352,236.9163803250521
6.206099987030029,236.1966597945602
6.216100215911865,235.4794283151086
6.226099967956543,234.765483518847
6.236100196838379,234.05535300464587
6.246099948883057,232.3533884107571
6.256100177764893,231.94270367380892
6.26609992980957,231.39997588119448
6.276100158691406,230.79649027783313
6.286099910736084,230.16726580769026
6.29610013961792,229.5262658428443
6.306099891662598,228.87994539314207
6.316100120544434,228.23171136672985
6.326099872589111,227.58353847927518
6.336100101470947,226.9366547345935
6.346099853515625,226.2918575918323
6.356100082397461,225.64967894031528
6.366099834442139,225.01048248821556
6.376100063323975,223.4209253335666
6.386099815368652,223.06670543990708
6.396100044250488,222.58527592826954
6.406099796295166,222.04485104792244
6.416100025177002,221.47894447424696
6.42609977722168,220.900920899637
6.436100006103516,220.31696586580054
6.446100234985352,219.73034895178233
6.456099987030029,219.1429709321337
6.466100215911865,218.55602043538227
6.476099967956543,217.97027342227582
6.486100196838379,217.38625534645826
6.496099948883057,215.88695758522593
6.506100177764893,215.57498366167755
6.51609992980957,215.13982379247273
6.526100158691406,214.64712887718565
6.536099910736084,214.12917017053675
6.54610013961792,213.59883441766465
6.556099891662598,213.0620985081587
6.566100120544434,212.5221318066886
6.576099872589111,211.98078542465706
6.586100101470947,211.4392244623001
6.596099853515625,210.89821255107947
6.606100082397461,210.35827318394806
6.616099834442139,209.81977066881984
6.626100063323975,208.40121739071063
6.636099815368652,208.12343448053593
6.646100044250488,207.7268642042049
6.656099796295166,207.27457731885613
6.666100025177002,206.79757403246128
6.67609977722168,206.30823028402983
6.686100006103516,205.8122878417046
6.696100234985352,205.3127916124132
6.706099987030029,204.81152493685192
6.711100101470947,204.56061874009043
7.711100101470947,162.41550015934652
8.057089805603027,151.13670422935343
8.058090209960938,3754.8176094222413
8.059089660644531,4690.525218084195
8.060090065002441,4261.328784161234
8.061090469360352,3897.0248527036683
8.062089920043945,3600.551252184902
8.063090324401855,3368.076202507913
8.06408977508545,3171.892059210837
8.06509017944336,3004.387864162592
8.066089630126953,2859.7815389827806
8.067090034484863,2733.6623003693667
8.068090438842773,2622.6387226222955
8.069089889526367,2524.0775645653225
8.070090293884277,2435.912513692543
8.071089744567871,2356.504653803796
8.072090148925781,2284.540213448661
8.082090377807617,1832.8862477228304
8.092089653015137,1583.4908164926126
8.102089881896973,1413.2818143099253
8.112090110778809,1293.3724715852052
8.122090339660645,1200.2138723544974
8.132089614868164,1125.6798927036093
8.14208984375,1064.570709989725
8.152090072631836,1013.4226657351309
8.162090301513672,969.8531222411925
8.172089576721191,932.1784551249971
8.182089805603027,899.1807570223185
8.192090034484863,869.9602107064615
8.2020902633667,843.8389786008804
8.212089538574219,820.2971684577694
8.222089767456055,798.9293158452617
8.23208999633789,779.4142908628295
8.242090225219727,761.4941172812441
8.252090454101562,744.9588421441711
8.262089729309082,729.6355858396961
8.272089958190918,715.3804503979326
8.282090187072754,702.0725051983684
8.29209041595459,689.6092413039435
8.30208969116211,677.9030600250082
8.312089920043945,666.8785950306772
8.322090148925781,656.4705665225074
8.332090377807617,646.6221152007895
8.342089653015137,637.2834413143513
8.352089881896973,628.4107176534893
8.362090110778809,619.9652052552792
8.372090339660645,611.9125217659764
8.382089614868164,604.2220225085476
8.39208984375,596.8663087413785
8.402090072631836,589.8208029495436
8.412090301513672,583.0633797735674
8.422089576721191,576.5740689532106
8.432089805603027,570.3347976696103
8.442090034484863,564.3291594144168
8.4520902633667,558.5422316686006
8.462089538574219,552.9604027619077
8.472089767456055,547.5712298265661
8.48208999633789,542.3633219401041
8.492090225219727,537.3262083207849
8.502090454101562,532.4502727251925
8.512089729309082,527.7266437879405
8.522089958190918,523.1471312646153
8.532090187072754,518.7041662422347
8.54209041595459,514.3907247876364
8.55208969116211,510.20029867551403
8.562089920043945,506.12683107775445
8.572090148925781,502.1646824243478
8.582090377807617,498.30859873246175
8.592089653015137,494.55367096247136
8.602089881896973,490.8953066917414
8.612090110778809,487.32920847782475
8.622090339660645,483.85134682399433
8.632089614868164,480.45793658175074
8.64208984375,477.14542207263764
8.652090072631836,473.91045549757445
8.662090301513672,470.74988300441703
8.672089576721191,467.6607311245896
8.682089805603027,464.64019037248147
8.692090034484863,461.6856054419923
8.7020902633667,458.7944641113281
8.712089538574219,455.9643892618354
8.722089767456055,453.19312589130703
8.73208999633789,450.4785326484109
8.742090225219727,447.81857862638327
8.752090454101562,445.21133309823495
8.762089729309082,442.6549594501429
8.772089958190918,440.147708492034
8.782090187072754,437.68791370579265
8.79209041595459,435.2739896536414
8.80208969116211,432.90441629261295
8.812089920043945,430.57775136150383
8.822090148925781,428.29261174277656
8.832090377807617,426.04767574618825
8.842089653015137,423.8416814018359
8.852089881896973,421.6734172333756
8.862090110778809,419.54172366510625
8.872090339660645,417.4454934602422
8.882089614868164,415.38366150225283
8.89208984375,413.35520511780015
8.902090072631836,411.3591476982503
8.912090301513672,409.3945446980333
8.922089576721191,407.4604934380979
8.932089805603027,405.55612567835294
8.942090034484863,403.6806042498922
8.9520902633667,401.83312746078246
8.962089538574219,400.01291774712274
8.972089767456055,398.21923256064576
8.98208999633789,396.45135350418377
8.992090225219727,394.708588338493
9.002090454101562,392.9902700134416
9.012089729309082,391.2957550763904
9.022089958190918,389.62442360299156
9.032090187072754,387.97567509127134
9.04209041595459,386.3489318524719
9.05208969116211,384.74363564327643
9.062089920043945,383.1592461433901
9.072090148925781,381.59523929471965
9.082090377807617,380.05111334491477
9.092089653015137,378.52637876711015
9.102089881896973,377.02056395746234
9.112090110778809,375.53321198270976
9.122090339660645,374.0638807185743
9.132089614868164,372.6121407276018
9.14208984375,371.1775778887944
9.152090072631836,369.75978943009494
9.162090301513672,368.3583878036349
9.172089576721191,366.97299295830527
9.182089805603027,365.60323912144065
9.192090034484863,364.24877334560125
9.2020902633667,362.9092474582064
9.212089538574219,361.58432968727857
9.222089767456055,360.27369340477077
9.23208999633789,358.97702538453535
9.242090225219727,357.69401920517555
9.252090454101562,356.4243769339333
9.262089729309082,355.1678102800365
9.272089958190918,353.924037780531
9.282090187072754,352.6927871531099
9.29209041595459,351.4737951115776
9.30208969116211,350.2668028908612
9.312089920043945,349.0715585767727
9.322090148925781,347.88781973564164
9.332090377807617,346.71534840878627
9.342089653015137,345.5539140420166
9.352089881896973,344.4032933241656
9.362090110778809,343.26326453568623
9.372090339660645,342.13361848238645
9.382089614868164,341.0141471003549
9.39208984375,339.9046464777317
9.402090072631836,338.8049224599779
9.412090301513672,337.71478241497334
9.422089576721191,336.6340401001438
9.432089805603027,335.5625140477741
9.442090034484863,334.50002774954385
9.4520902633667,333.4464076035688
9.462089538574219,332.4014848289576
9.472089767456055,331.3650956503478
9.48208999633789,330.3370818284454
9.492090225219727,329.31728461648333
9.502090454101562,328.3055547943461
9.512089729309082,327.3017407890891
9.522089958190918,326.30570043908403
9.532090187072754,325.31729197484117
9.54209041595459,324.3363761642352
9.55208969116211,323.36282099509725
9.562089920043945,322.39649161802305
9.572090148925781,321.4372621105191
9.582090377807617,320.48500756503773
9.592089653015137,319.5396054037935
9.602089881896973,318.60093625530726
9.612090110778809,317.668883677603
9.622090339660645,316.74333371993544
9.632089614868164,315.8241752687946
9.64208984375,314.9113008552488
9.652090072631836,314.00460312570124
9.662090301513672,313.1039799396864
9.672089576721191,312.2093297103455
9.682089805603027,311.3205524193727
9.692090034484863,310.43755153157184
9.7020902633667,309.5602345023296
9.712089538574219,308.6885068494086
9.722089767456055,307.8222813335946
9.73208999633789,306.9614667020237
9.742090225219727,306.1059776761725
9.752090454101562,305.2557308920747
9.762089729309082,304.41064460045084
9.772089958190918,303.57063612934326
9.782090187072754,302.7356275585864
9.79209041595459,301.9055421444294
9.80208969116211,301.08030487314284
9.812089920043945,300.2598426224874
9.822090148925781,299.4440808631395
9.832090377807617,298.63295279320494
9.842089653015137,297.8263853827121
9.852089881896973,297.0243130061812
9.862090110778809,296.22667149135043
9.872090339660645,295.4333940593924
9.882089614868164,294.6444177144599
9.89208984375,293.8596811215263
9.902090072631836,293.0791249062559
9.912090301513672,292.3026876413543
9.922089576721191,291.5303125129175
9.932089805603027,290.761942522506
9.942090034484863,289.9975221248981
9.9520902633667,289.236997943166
9.962089538574219,288.48031574690424
9.972089767456055,287.727423543202
9.98208999633789,285.4129487352667
9.992090225219727,285.0218422818346
10.002090454101562,284.54043955092885
10.012089729309082,283.96551975010925
10.022089958190918,283.3410058861327
10.032090187072754,282.6892323742648
10.04209041595459,282.021615441424
10.05208969116211,281.3444997912902
10.057089805603027,281.00415230518206
11.057089805603027,221.15272141367942
12.057089805603027,177.72609330665318
12.665360450744629,156.912609547264
12.666359901428223,2042.371345156715
12.667360305786133,3644.058591904644
12.668359756469727,3634.732342893755
12.669360160827637,3454.8976687246077
12.67035961151123,3270.1630484767693
12.67136001586914,3105.8969209862767
12.67236042022705,2959.2515921733275
12.673359870910645,2828.712947461971
12.674360275268555,2712.3353826013913
12.675359725952148,2608.2135922294265
12.676360130310059,2514.641459285537
12.677359580993652,2430.1479619517077
12.678359985351562,2353.486117569858
12.679360389709473,2283.6060029806195
12.680359840393066,2219.6250261117902
12.690360069274902,1804.7704606636491
12.700360298156738,1568.7388052388924
12.710359573364258,1405.4565712949677
12.720359802246094,1289.268863323324
12.73036003112793,1198.4441670874078
12.740360260009766,1125.428519758598
12.750359535217285,1065.344320307333
12.760359764099121,1014.9156405102189
12.770359992980957,971.8716146479208
12.780360221862793,934.5961717532065
12.790360450744629,901.9128265726864
12.800359725952148,872.9475453809996
12.810359954833984,847.0388599721573
12.82036018371582,823.6775282025787
12.830360412597656,802.4652273534197
12.840359687805176,783.085772017683
12.850359916687012,765.2847498564313
12.860360145568848,748.8548710852614
12.870360374450684,733.6253068366018
12.880359649658203,719.4538013230466
12.890359878540039,706.2207601003726
12.900360107421875,693.8247758630362
12.910360336303711,682.1791924370659
12.92035961151123,671.209435749126
12.930359840393066,660.8509107201909
12.940360069274902,651.0473463501069
12.950360298156738,641.7494481462289
12.960359573364258,632.9138326608855
12.970359802246094,624.5021489172926
12.98036003112793,616.4803378219777
12.990360260009766,608.8180553525664
13.000359535217285,601.4881649925595
13.010359764099121,594.4662994131029
13.020359992980957,587.7305378585896
13.030360221862793,581.2610788727384
13.040360450744629,575.0400042775357
13.050359725952148,569.0510449514007
13.060359954833984,563.2793916801746
13.07036018371582,557.711541761887
13.080360412597656,552.3351529468124
13.090359687805176,547.1389068349779
13.100359916687012,542.1124232977696
13.110360145568848,537.2461429287426
13.120360374450684,532.5312590883793
13.130359649658203,527.9596415063421
13.140359878540039,523.5237697563834
13.150360107421875,519.2166670080576
13.160360336303711,515.031865979899
13.17035961151123,510.9633504646976
13.180359840393066,507.00551886064756
13.190360069274902,503.1531510241358
13.200360298156738,499.4013654805455
13.210359573364258,495.745602562314
13.220359802246094,492.18159303787706
13.23036003112793,488.7053297854515
13.240360260009766,485.31305323778815
13.250359535217285,482.0012312908562
13.260359764099121,478.7665352680786
13.270359992980957,475.6058336922551
13.280360221862793,472.5161716175728
13.290360450744629,469.4947557744886
13.300359725952148,466.53895230916805
13.310359954833984,463.64626170970774
13.32036018371582,460.81432554168583
13.330360412597656,458.04089920609084
13.340359687805176,455.3238602664916
13.350359916687012,452.66118958027005
13.360360145568848,450.0509680692481
13.370360374450684,447.49137088374846
13.380359649658203,444.9806639656188
13.390359878540039,442.5171913844748
13.400360107421875,440.09937436888816
13.410360336303711,437.72570929956186
13.42035961151123,435.3947600280346
13.430359840393066,433.1051538630318
13.440360069274902,430.85557760294876
13.450360298156738,428.6447770514456
13.460359573364258,426.47155018962883
13.470359802246094,424.3347483985999
13.48036003112793,422.2332667021344
13.490360260009766,420.16604962568795
13.500359535217285,418.1320820618829
13.510359764099121,416.1303930073548
13.520359992980957,414.1600449980882
13.530360221862793,412.2201430593939
13.540360450744629,410.3098222497549
13.550359725952148,408.42825010592344
13.560359954833984,406.57463347073855
13.57036018371582,404.7481996243593
13.580360412597656,402.9482095246953
13.590359687805176,401.17395056438374
13.600359916687012,399.424733341416
13.610360145568848,397.6998968722689
13.620360374450684,395.99880296356827
13.630359649658203,394.32083249830964
13.640359878540039,392.6653906489896
13.650360107421875,391.031904294107
13.660360336303711,389.4198164128933
13.67035961151123,387.828590975507
13.680359840393066,386.2577108208735
13.690360069274902,384.70667006765814
13.700360298156738,383.1749895691241
13.710359573364258,381.66219656808033
13.720359802246094,380.1678365994293
13.73036003112793,378.6914708605339
13.740360260009766,377.2326730049116
13.750359535217285,375.7910328098796
13.760359764099121,374.3661459578949
13.770359992980957,372.9576296067472
13.780360221862793,371.5651065425628
13.790360450744629,370.18821143094823
13.800359725952148,368.82659310061916
13.810359954833984,367.4799068851716
13.82036018371582,366.1478208972934
13.830360412597656,364.8300132376627
13.840359687805176,363.52616855797226
13.850359916687012,362.2359832048596
13.860360145568848,360.95916247494006
13.870360374450684,359.6954170855625
13.880359649658203,358.44447027943124
13.890359878540039,357.2060488284941
13.900360107421875,355.9798896541581
13.910360336303711,354.7657346602921
13.92035961151123,353.56333739957574
13.930359840393066,352.3724528548399
13.940360069274902,351.192845374098
13.950360298156738,350.0242871481275
13.960359573364258,348.86655129038377
13.970359802246094,347.71942069471015
13.98036003112793,346.5826862822494
13.990360260009766,345.4561388588096
14.000359535217285,344.3395786415152
14.010359764099121,343.23280963047114
14.020359992980957,342.13564053144046
14.030360221862793,341.04788556318795
14.040360450744629,339.96936533402425
14.050359725952148,338.8999022514822
14.060359954833984,337.83932273674446
14.07036018371582,336.78746036174886
14.080360412597656,335.7441518816728
14.090359687805176,334.7092373964017
14.100359916687012,333.68256240348785
14.110360145568848,332.66397350769734
14.120360374450684,331.65332257306136
14.130359649658203,330.65046686127795
14.140359878540039,329.6552641645851
14.150360107421875,328.6675764734062
14.160360336303711,327.68727161410357
14.17035961151123,326.7142165595622
14.180359840393066,325.7482843492757
14.190360069274902,324.78934961435743
14.200360298156738,323.83729083810175
14.210359573364258,322.89198827995824
14.220359802246094,321.9533270203698
14.23036003112793,321.0211922320469
14.240360260009766,320.09547289374734
14.250359535217285,319.17606130587
14.260359764099121,318.2628511989648
14.270359992980957,317.35574052483406
14.280360221862793,316.4546263356688
14.290360450744629,315.55940918983697
14.300359725952148,314.6699935209544
14.310359954833984,313.7862867613408
14.32036018371582,312.9081950284997
14.330360412597656,312.0356271849017
14.340359687805176,311.16849506865464
14.350359916687012,310.3067144392479
14.360360145568848,309.450201632845
14.370360374450684,308.5988710941191
14.380359649658203,307.75264504130644
14.390359878540039,306.91144260167175
14.400360107421875,306.075188023343
14.410360336303711,305.24380541604665
14.42035961151123,304.41722008899046
14.430359840393066,303.5953627029154
14.440360069274902,302.7781594205065
14.450360298156738,301.9655437397398
14.460359573364258,301.1574471056326
14.470359802246094,300.353803454433
14.48036003112793,299.55454623798306
14.490360260009766,298.7596149747334
14.500359535217285,297.96894602296214
14.510359764099121,297.18248159995335
14.520359992980957,296.40015697983836
14.530360221862793,295.62191890102395
14.540360450744629,294.84770863504906
14.550359725952148,294.07747137483466
14.560359954833984,293.3111500066064
14.57036018371582,292.5486946134791
14.580360412597656,291.7900503191728
14.590359687805176,291.035167414405
14.600359916687012,290.28399545175057
14.610360145568848,289.53648675181876
14.620360374450684,288.7925900598412
14.630359649658203,288.05226018765796
14.640359878540039,287.3154504477572
14.650360107421875,286.5821176818709
14.660360336303711,285.8522147411482
14.665360450744629,285.4881166672941
15.665360450744629,224.47484203981614
16.665359497070312,180.65567853931938
17.447710037231445,154.24404327092708
17.44870948791504,1066.7266763584773
17.449710845947266,2627.870930620512
17.45071029663086,2969.506588106163
17.451709747314453,2978.327572592622
17.452709197998047,2906.136680735662
17.453710556030273,2810.789382853836
17.454710006713867,2713.5814833637446
17.45570945739746,2620.107137874681
17.456710815429688,2533.2852763826886
17.45771026611328,2452.7264497487363
17.458709716796875,2378.2231199880125
17.45970916748047,2309.368218777311
17.460710525512695,2245.685751709538
17.46170997619629,2186.6946667175985
17.462709426879883,2131.9387367577237
17.47270965576172,1770.0894630530163
17.482709884643555,1542.4723537038512
17.49271011352539,1392.6855460445897
17.502710342407227,1279.0744582772345
17.512710571289062,1189.9386203157478
17.5227108001709,1118.0637551190182
17.5327091217041,1058.7758345254335
17.542709350585938,1008.9237090995252
17.552709579467773,966.313755672625
17.56270980834961,929.377939883093
17.572710037231445,896.96982851843
17.58271026611328,868.2343678953787
17.592710494995117,842.5222408787733
17.602710723876953,819.332161347612
17.61271095275879,798.2711539639728
17.622709274291992,779.0267645388234
17.632709503173828,761.3472728772499
17.642709732055664,745.0274285902512
17.6527099609375,729.8979852031958
17.662710189819336,715.8179680210843
17.672710418701172,702.6688426645615
17.682710647583008,690.3501060987546
17.692710876464844,678.7758611446966
17.702709197998047,667.872198933827
17.712709426879883,657.5750988926386
17.72270965576172,647.8287874367412
17.732709884643555,638.5844151272705
17.74271011352539,629.7989859490889
17.752710342407227,621.4344820583399
17.762710571289062,613.4571473229048
17.7727108001709,605.8368948707955
17.7827091217041,598.5468119810859
17.792709350585938,591.5627469086593
17.802709579467773,584.8629499162946
17.81270980834961,578.427784338019
17.822710037231445,572.2394639387874
17.83271026611328,566.2818464191232
17.842710494995117,560.5402361926758
17.852710723876953,555.0012252242477
17.86271095275879,549.6525592876039
17.872709274291992,544.4829990101509
17.882709503173828,539.4822323569184
17.892709732055664,534.6407659852135
17.9027099609375,529.9498544290764
17.912710189819336,525.4014140595474
17.922710418701172,520.9879692925347
17.932710647583008,516.7025924763351
17.942710876464844,512.5388528675359
17.952709197998047,508.4907701741721
17.962709426879883,504.5527786404818
17.97270965576172,500.7196835426336
17.982709884643555,496.98663869844813
17.99271011352539,493.3491077149176
18.002710342407227,489.8028465495899
18.012710571289062,486.34387096309877
18.0227108001709,482.9684450779552
18.0327091217041,479.6730536290037
18.042709350585938,476.4543923906368
18.052709579467773,473.30934298768335
18.06270980834961,470.2349700351061
18.072710037231445,467.22849837091957
18.08271026611328,464.28730567476555
18.092710494995117,461.40891160337833
18.102710723876953,458.5909675949916
18.11271095275879,455.8312448975901
18.122709274291992,453.12763253901824
18.132709503173828,450.4781230716028
18.142709732055664,447.88081114200236
18.1527099609375,445.33388207306575
18.162710189819336,442.83561075661817
18.172710418701172,440.38435129639964
18.182710647583008,437.97853666206066
18.192710876464844,435.6166722996165
18.202709197998047,433.29732778121013
18.212709426879883,431.0191404727581
18.22270965576172,428.78080711451247
18.232709884643555,426.5810775468499
18.24271011352539,424.41876216089736
18.252710342407227,422.2927132835013
18.262710571289062,420.2018366415034
18.2727108001709,418.14508285003456
18.2827091217041,416.12144229165193
18.292709350585938,414.1299493375909
18.302709579467773,412.16967309791755
18.31270980834961,410.239722311722
18.322710037231445,408.3392395111799
18.33271026611328,406.467398230451
18.342710494995117,404.6234057045127
18.352710723876953,402.80649673335046
18.36271095275879,401.015936127055
18.372709274291992,399.2510145768377
18.382709503173828,397.51104895490096
18.392709732055664,395.79537876212765
18.4027099609375,394.1033721485556
18.412710189819336,392.43441248841117
18.422710418701172,390.78791005198735
18.432710647583008,389.163291256444
18.442710876464844,387.56000586269664
18.452709197998047,385.97751802543934
18.462709426879883,384.4153145049795
18.47270965576172,382.8728943101763
18.482709884643555,381.3497755031917
18.49271011352539,379.845492500657
18.502710342407227,378.3595934671069
18.512710571289062,376.89163823895444
18.5227108001709,375.44120708993233
18.5327091217041,374.0078857375741
18.542709350585938,372.5912783760423
18.552709579467773,371.19099987949824
18.56270980834961,369.80667684011536
18.572710037231445,368.43794505378105
18.58271026611328,367.084453718282
18.592710494995117,365.74586284980575
18.602710723876953,364.42183949996013
18.61271095275879,363.11206324570844
18.622709274291992,361.81622236025487
18.632709503173828,360.5340120830233
18.642709732055664,359.2651408016006
18.6527099609375,358.0093196716078
18.662710189819336,356.76627158974486
18.672710418701172,355.5357271109399
18.682710647583008,354.31742221085483
18.692710876464844,353.11110241487
18.702709197998047,351.916517977091
18.712709426879883,350.7334291165468
18.72270965576172,349.56159875109984
18.732709884643555,348.4007991637953
18.74271011352539,347.2508064437255
18.752710342407227,346.11140436127795
18.762710571289062,344.9823811387619
18.7727108001709,343.86353212617513
18.7827091217041,342.75465606435716
18.792709350585938,341.65555801449267
18.802709579467773,340.5660483892993
18.81270980834961,339.48593946991775
18.822710037231445,338.41505253360026
18.83271026611328,337.3532143013998
18.842710494995117,336.30024872633516
18.852710723876953,335.2559905336918
18.86271095275879,334.22027502542903
18.872709274291992,333.1929454154709
18.882709503173828,332.17384537908043
18.892709732055664,331.1628226743714
18.9027099609375,330.15973064165985
18.912710189819336,329.16442534316246
18.922710418701172,328.17676438658145
18.932710647583008,327.1966126457093
18.942710876464844,326.223834717535
18.952709197998047,325.2583006889822
18.962709426879883,324.2998816157865
18.97270965576172,323.34845471255994
18.982709884643555,322.4038961097677
18.99271011352539,321.46608694340364
19.002710342407227,320.5349138624634
19.012710571289062,319.6102596406944
19.0227108001709,318.69201623249126
19.0327091217041,317.7800740236959
19.042709350585938,316.8743273215319
19.052709579467773,315.97467269378456
19.06270980834961,315.0810098453444
19.072710037231445,314.19323933457935
19.08271026611328,313.3112640034855
19.092710494995117,312.4349905923741
19.102710723876953,311.56432614142665
19.11271095275879,310.6991811278005
19.122709274291992,309.8394664207914
19.132709503173828,308.9850988409687
19.142709732055664,308.13598971896704
19.1527099609375,307.2920581359171
19.162710189819336,306.45322418789567
19.172710418701172,305.61940993167013
19.182710647583008,304.79053562478595
19.192710876464844,303.9665267148526
19.202709197998047,303.1473122940582
19.212709426879883,302.3328155725181
19.22270965576172,301.5229677645798
19.232709884643555,300.7177013532735
19.24271011352539,299.9169469070723
19.252710342407227,299.12063840835816
19.262710571289062,298.32871018551737
19.2727108001709,297.54110152633103
19.2827091217041,296.75774913508155
19.292709350585938,295.9785892085784
19.302709579467773,295.20356767788496
19.31270980834961,294.4326216163549
19.322710037231445,293.66569713958717
19.33271026611328,292.9027355652548
19.342710494995117,292.143684277639
19.352710723876953,291.388490338084
19.36271095275879,290.63710002365747
19.372709274291992,289.8894618489214
19.382709503173828,289.14552714260617
19.392709732055664,288.4052438426
19.4027099609375,287.6685673835506
19.412710189819336,286.9354474103009
19.422710418701172,286.2058394036325
19.432710647583008,285.47969776018044
19.442710876464844,284.75697738405256
19.447710037231445,284.39646760532554
20.447710037231445,224.27572597235508
21.447710037231445,181.2446602081045
22.23213005065918,155.6915597721022
22.233129501342773,568.3419987569681
22.234130859375,1790.2732075224837
22.235130310058594,2326.43248238423
22.236129760742188,2491.4199958737836
22.23712921142578,2526.377386506903
22.238130569458008,2500.0113484792787
22.2391300201416,2455.2610059811686
22.240129470825195,2402.168815307156
22.241130828857422,2346.0789831828997
22.242130279541016,2289.8465926789554
22.24312973022461,2234.9772140952737
22.244129180908203,2182.2309591534095
22.24513053894043,2131.951025630521
22.246129989624023,2084.246539311254
22.247129440307617,2039.0962267448213
22.257129669189453,1714.6293222855547
22.26712989807129,1512.7379197447208
22.277130126953125,1367.5336188837514
22.28713035583496,1261.3449346264113
22.297130584716797,1176.9795394286186
22.307130813598633,1108.3013470362102
22.317129135131836,1051.233429439484
22.327129364013672,1002.9730316415846
22.337129592895508,961.5382530345038
22.347129821777344,925.4939804019481
22.35713005065918,893.7794039056595
22.367130279541016,865.5958898750472
22.37713050842285,840.3320756769505
22.387130737304688,817.5127172722388
22.39712905883789,796.7630732414493
22.407129287719727,777.7837084296609
22.417129516601562,760.3323982452139
22.4271297454834,744.210936577322
22.437129974365234,729.2554378033766
22.44713020324707,715.3290463402158
22.457130432128906,702.316479049302
22.467130661010742,690.1198064756502
22.477130889892578,678.6552341775468
22.48712921142578,667.8505589952995
22.497129440307617,657.643175651337
22.507129669189453,647.9784968485006
22.51712989807129,638.8086655343561
22.527130126953125,630.0915304516989
22.53713035583496,621.789789109003
22.547130584716797,613.8703019999232
22.557130813598633,606.303518697518
22.567129135131836,599.0629817302355
22.577129364013672,592.124932506097
22.587129592895508,585.467978272038
22.597129821777344,579.0727744358377
22.60713005065918,572.9218096743906
22.617130279541016,566.9991737417623
22.62713050842285,561.2903766704164
22.637130737304688,555.7821961602566
22.64712905883789,550.4625321184246
22.657129287719727,545.3202977371504
22.667129516601562,540.3453063272835
22.6771297454834,535.5281850478907
22.687129974365234,530.8602850374091
22.69713020324707,526.3336185331337
22.707130432128906,521.9407954832324
22.717130661010742,517.6749681399252
22.727130889892578,513.5297708086056
22.73712921142578,509.49929006840364
22.747129440307617,505.5780134712848
22.757129669189453,501.7608041684013
22.76712989807129,498.0428609119972
22.777130126953125,494.41969528832584
22.78713035583496,490.88710332223167
22.797130584716797,487.44113982669893
22.807130813598633,484.078103640002
22.817129135131836,480.7945152507618
22.827129364013672,477.587099013325
22.837129592895508,474.4527660782195
22.847129821777344,471.3886086484833
22.85713005065918,468.39187499815466
22.867130279541016,465.4599702565488
22.87713050842285,462.59043320290357
22.887130737304688,459.7809367277184
22.89712905883789,457.02927579180545
22.907129287719727,454.3333536322515
22.917129516601562,451.6911819700211
22.9271297454834,449.10087362853125
22.937129974365234,446.56062788613707
22.94713020324707,444.0687355969949
22.957130432128906,441.6235660198324
22.967130661010742,439.22356483419105
22.977130889892578,436.867249134897
22.98712921142578,434.553204225755
22.997129440307617,432.2800772761361
23.007129669189453,430.0465732611947
23.01712989807129,427.8514579144375
23.027130126953125,425.6935477858678
23.03713035583496,423.5717066666076
23.047130584716797,421.484849210409
23.057130813598633,419.43193459024235
23.067129135131836,417.4119630613204
23.077129364013672,415.42397197051565
23.087129592895508,413.4670450062078
23.097129821777344,411.54029353711974
23.10713005065918,409.6428674999188
23.117130279541016,407.77394891740335
23.12713050842285,405.9327490151334
23.137130737304688,404.11851117400084
23.14712905883789,402.33050463295126
23.157129287719727,400.5680256423316
23.167129516601562,398.83039552626605
23.1771297454834,397.1169630585524
23.187129974365234,395.4270953973495
23.19713020324707,393.76018341364323
23.207130432128906,392.1156424293893
23.217130661010742,390.4929032675353
23.227130889892578,388.89141594273343
23.23712921142578,387.3106544361994
23.247129440307617,385.7501045855625
23.257129669189453,384.2092712586879
23.26712989807129,382.68767530883883
23.277130126953125,381.18485535083175
23.28713035583496,379.7003597568042
23.297130584716797,378.2337562289998
23.307130813598633,376.78462231925107
23.317129135131836,375.35255179545777
23.327129364013672,373.93714919778677
23.337129592895508,372.5380311996218
23.347129821777344,371.1548255003499
23.35713005065918,369.7871749543459
23.367130279541016,368.43472875939653
23.37713050842285,367.0971462396808
23.387130737304688,365.7741004442141
23.39712905883789,364.46527127289716
23.407129287719727,363.1703482906835
23.417129516601562,361.88902980490155
23.4271297454834,360.6210239032679
23.437129974365234,359.3660452706473
23.44713020324707,358.12381897203323
23.457130432128906,356.8940762082285
23.467130661010742,355.6765538545062
23.477130889892578,354.4709990509333
23.48712921142578,353.2771641276411
23.497129440307617,352.09481036473835
23.507129669189453,350.923699965012
23.51712989807129,349.76360832554593
23.527130126953125,348.6143125734452
23.53713035583496,347.47559724030674
23.547130584716797,346.34725124044843
23.557130813598633,345.2290711233495
23.567129135131836,344.1208570830676
23.577129364013672,343.02241383478304
23.587129592895508,341.9335540056409
23.597129821777344,340.8540913761338
23.60713005065918,339.7838463239028
23.617130279541016,338.7226438861135
23.62713050842285,337.67031251384014
23.637130737304688,336.626688616256
23.64712905883789,335.591604681152
23.657129287719727,334.56490546793805
23.667129516601562,333.54643566682313
23.6771297454834,332.53604319738963
23.687129974365234,331.53358255330124
23.69713020324707,330.53891002744416
23.707130432128906,329.5518840579309
23.717130661010742,328.5723686189428
23.727130889892578,327.6002304296284
23.73712921142578,326.6353370626137
23.747129440307617,325.6775638640873
23.757129669189453,324.7267846578193
23.76712989807129,323.7828783423091
23.777130126953125,322.8457267224924
23.78713035583496,321.9152137715981
23.797130584716797,320.9912259079522
23.807130813598633,320.0736516951073
23.817129135131836,319.1623850250821
23.827129364013672,318.25731891335096
23.837129592895508,317.35834946635987
23.847129821777344,316.46537860342704
23.85713005065918,315.5783042994216
23.867130279541016,314.69703232584266
23.87713050842285,313.8214680620512
23.887130737304688,312.95151933250514
23.89712905883789,312.0870949074074
23.907129287719727,311.2281077090124
23.917129516601562,310.374472897069
23.9271297454834,309.5261030939611
23.937129974365234,308.6829184649663
23.94713020324707,307.84483756067533
23.957130432128906,307.01178149211074
23.967130661010742,306.1836721776384
23.977130889892578,305.3604367948894
23.98712921142578,304.5419987385145
23.997129440307617,303.7282869161662
24.007129669189453,302.9192313427107
24.01712989807129,302.11476101806824
24.027130126953125,301.3148111241024
24.03713035583496,300.5193106145996
24.047130584716797,299.7282006688309
24.057130813598633,298.9414125011441
24.067129135131836,298.1588877290825
24.077129364013672,297.3805622726521
24.087129592895508,296.60637989462276
24.097129821777344,295.8362793983696
24.10713005065918,295.07020503106844
24.117130279541016,294.30810074002477
24.12713050842285,293.5499130560427
24.137130737304688,292.79558659536946
24.14712905883789,292.0450681886796
24.157129287719727,291.2983081958912
24.167129516601562,290.55525531610215
24.1771297454834,289.815861685386
24.187129974365234,289.08007736379056
24.19713020324707,288.34785499486253
24.207130432128906,287.6191492289733
24.217130661010742,286.89391312487453
24.227130889892578,286.1721037088338
24.23213005065918,285.8120509325692
25.23213005065918,225.83283304573456
26.23213005065918,182.7526371985426
27.094680786132812,153.84701534625896
27.095680236816406,328.90977128563014
27.0966796875,1170.8693238688704
27.097679138183594,1754.7579811655564
27.09868049621582,2021.2261738679847
27.099679946899414,2142.108484154295
27.100679397583008,2177.896533092404
27.101680755615234,2181.5575471562324
27.102680206298828,2166.5596011299485
27.103679656982422,2140.8523006424793
27.104679107666016,2109.1993757898126
27.105680465698242,2074.4907113995773
27.106679916381836,2038.4936568648727
27.10767936706543,2002.2913813745984
27.108680725097656,1966.543573934565
27.10968017578125,1931.6443624921758
27.119680404663086,1658.085761729822
27.129680633544922,1476.216655151644
27.139680862426758,1341.8591211712549
27.14967918395996,1241.8153188738604
27.159679412841797,1161.5051263072503
27.169679641723633,1095.6107761789613
27.17967987060547,1040.5198349956302
27.189680099487305,993.7066438174662
27.19968032836914,953.3611838181453
27.209680557250977,918.1581953283701
27.219680786132812,887.1088776303707
27.229679107666016,859.4628223929545
27.23967933654785,834.6416044689361
27.249679565429688,812.1929151054953
27.259679794311523,791.7582810359387
27.26968002319336,773.0500351263553
27.279680252075195,755.8346280352418
27.28968048095703,739.9203745870093
27.299680709838867,725.1483701444988
27.309680938720703,711.3856429996043
27.319679260253906,698.5199733050772
27.329679489135742,686.455902261078
27.339679718017578,675.111633946656
27.349679946899414,664.4166154580322
27.35968017578125,654.3096147855844
27.369680404663086,644.7371877841848
27.379680633544922,635.6524572855401
27.389680862426758,627.0140957994525
27.39967918395996,618.7855073751506
27.409679412841797,610.9341661333588
27.419679641723633,603.431041714646
27.42967987060547,596.2501398318659
27.439680099487305,589.3680980910159
27.44968032836914,582.7638639304463
27.459680557250977,576.4184132963081
27.469680786132812,570.3144963063351
27.479679107666016,564.4364331995819
27.48967933654785,558.7699518989454
27.499679565429688,553.3020125177892
27.509679794311523,548.0206848744272
27.51968002319336,542.9150283133001
27.529680252075195,537.9749860122
27.53968048095703,533.1913060932924
27.549680709838867,528.5554442344429
27.559680938720703,524.0595178121162
27.569679260253906,519.6962159402607
27.579679489135742,515.4587687451283
27.589679718017578,511.3408854074399
27.599679946899414,507.33672018476443
27.60968017578125,503.44081988806806
27.619680404663086,499.6481013453016
27.629680633544922,495.95381636269957
27.639680862426758,492.35352185307715
27.64967918395996,488.843054969655
27.659679412841797,485.41851481396594
27.669679641723633,482.0762354013871
27.67967987060547,478.8127689606659
27.689680099487305,475.62487698394244
27.69968032836914,472.5094987634268
27.709680557250977,469.4637537672947
27.719680786132812,466.48491864193596
27.729679107666016,463.57041969212816
27.73967933654785,460.71782286997916
27.749679565429688,457.9248203960946
27.759679794311523,455.1892276224726
27.76968002319336,452.5089706686168
27.779680252075195,449.8820761567431
27.78968048095703,447.30667524849565
27.799680709838867,444.7809856527246
27.809680938720703,442.30331181002134
27.819679260253906,439.87203771889614
27.829679489135742,437.48562389094093
27.839679718017578,435.1426016763585
27.849679946899414,432.84156823536705
27.85968017578125,430.58118123280127
27.869680404663086,428.3601621597532
27.879680633544922,426.1772832546104
27.889680862426758,424.0313714013709
27.89967918395996,421.9213033317168
27.909679412841797,419.84600198043626
27.919679641723633,417.8044322411039
27.92967987060547,415.7956080476353
27.939680099487305,413.8185746127335
27.94968032836914,411.8724203073699
27.959680557250977,409.95626549637865
27.969680786132812,408.06926962001165
27.979679107666016,406.21061855324814
27.98967933654785,404.37953108760865
27.999679565429688,402.57525879275323
28.009679794311523,400.79707358339385
28.01968002319336,399.0442803599847
28.029680252075195,397.31620630565595
28.03968048095703,395.6122007247452
28.049680709838867,393.9316424242223
28.059680938720703,392.2739225980106
28.069679260253906,390.63846275000884
28.079679489135742,389.024697993618
28.089679718017578,387.43208427169697
28.099679946899414,385.8600971340142
28.10968017578125,384.30822712385736
28.119680404663086,382.77598328420993
28.129680633544922,381.262890920257
28.139680862426758,379.7684905152382
28.14967918395996,378.2923347086773
28.159679412841797,376.83399367098184
28.169679641723633,375.3930490368348
28.17967987060547,373.9690975728399
28.189680099487305,372.56174518011414
28.19968032836914,371.1706118767494
28.209680557250977,369.7953296756528
28.219680786132812,368.43554170800263
28.229679107666016,367.0908995705487
28.23967933654785,365.76106630124923
28.249679565429688,364.4457162870031
28.259679794311523,363.14453321069095
28.26968002319336,361.85720518404844
28.279680252075195,360.5834366732804
28.28968048095703,359.3229336439437
28.299680709838867,358.0754156249631
28.309680938720703,356.84060892694754
28.319679260253906,355.6182434128165
28.329679489135742,354.40806207058563
28.339679718017578,353.209809041618
28.349679946899414,352.0232412694353
28.35968017578125,350.8481199418787
28.369680404663086,349.6842097760328
28.379680633544922,348.5312879682038
28.389680862426758,347.3891301692118
28.39967918395996,346.2575236094872
28.409679412841797,345.1362599944492
28.419679641723633,344.0251341435554
28.42967987060547,342.923947519546
28.439680099487305,341.83250903578664
28.44968032836914,340.75062739804036
28.459680557250977,339.6781215307303
28.469680786132812,338.6148116500289
28.479679107666016,337.56052272390076
28.48967933654785,336.51508389542886
28.499679565429688,335.47833125084884
28.509679794311523,334.4501005073253
28.51968002319336,333.4302372777453
28.529680252075195,332.4185850297693
28.53968048095703,331.4149933438002
28.549680709838867,330.41931588309154
28.559680938720703,329.43141124722456
28.569679260253906,328.451137389906
28.579679489135742,327.478359346397
28.589679718017578,326.5129431899713
28.599679946899414,325.55475935355696
28.60968017578125,324.60368184545956
28.619680404663086,323.65958358983784
28.629680633544922,322.72234747577414
28.639680862426758,321.79185290924096
28.64967918395996,320.8679837942664
28.659679412841797,319.9506288558718
28.669679641723633,319.03967758028773
28.67967987060547,318.13502134523515
28.689680099487305,317.23655418113424
28.69968032836914,316.3441750547333
28.709680557250977,315.45778254064214
28.719680786132812,314.5772776816347
28.729679107666016,313.7025638271802
28.73967933654785,312.8335480635939
28.749679565429688,311.97013759252616
28.759679794311523,311.11224395221416
28.76968002319336,310.2597770662084
28.779680252075195,309.4126533860072
28.78968048095703,308.57078634133774
28.799680709838867,307.7340948518622
28.809680938720703,306.9024994980631
28.819679260253906,306.0759182307906
28.829679489135742,305.25427753566703
28.839679718017578,304.4374997001296
28.849679946899414,303.62551194794327
28.85968017578125,302.818242402484
28.869680404663086,302.0156189795254
28.879680633544922,301.21757439276706
28.889680862426758,300.42403888774476
28.89967918395996,299.6349483613975
28.909679412841797,298.85023601183093
28.919679641723633,298.0698395813404
28.92967987060547,297.2936970890244
28.939680099487305,296.5217467154505
28.94968032836914,295.7539298705593
28.959680557250977,294.990186326538
28.969680786132812,294.2304616453786
28.979679107666016,293.474698205834
28.98967933654785,292.72284191590046
28.999679565429688,291.9748374148922
29.009679794311523,291.2306353164638
29.01968002319336,290.490180490599
29.029680252075195,289.75342594991554
29.03968048095703,289.0203195861678
29.049680709838867,288.29081392756757
29.059680938720703,287.56486323234805
29.069679260253906,286.8424175144233
29.079679489135742,286.1234338461947
29.089679718017578,285.40786791604665
29.094680786132812,285.0509335380202
30.094680786132812,225.62484019215324
31.094680786132812,182.870486074204
31.822229385375977,158.29731049252925
31.823230743408203,228.20646207294766
31.824230194091797,757.9338924901015
31.82522964477539,1292.091711527276
31.826229095458984,1604.7267615678
31.82723045349121,1783.1019042599678
31.828229904174805,1868.4173122645325
31.8292293548584,1913.5597172028533
31.830230712890625,1932.8889991489218
31.83123016357422,1935.5598200814613
31.832229614257812,1927.4705009662284
31.833229064941406,1912.4654940535243
31.834230422973633,1893.0786714099702
31.835229873657227,1870.9967762549898
31.83622932434082,1847.3516844780447
31.837230682373047,1822.9071557930897
31.847230911254883,1602.454392298369
31.857229232788086,1442.003784364223
31.867229461669922,1319.4052681782348
31.877229690551758,1226.1030572385205
31.887229919433594,1150.2834955216895
31.89723014831543,1087.499673833292
31.907230377197266,1034.6355040904166
31.9172306060791,989.4628720330363
31.927230834960938,950.3574794039795
31.93722915649414,916.1138611993191
31.947229385375977,885.8225693706302
31.957229614257812,858.7869687127238
31.96722984313965,834.4658266328449
31.977230072021484,812.4330439722547
31.98723030090332,792.3489591176098
31.997230529785156,773.939635123255
32.00722885131836,756.9817236844825
32.01723098754883,741.2912458331857
32.02722930908203,726.7152028101822
32.0372314453125,713.1252438176876
32.0472297668457,700.4127876818045
32.05723190307617,688.4852973090278
32.067230224609375,677.2633508752893
32.07722854614258,666.6783394211634
32.08723068237305,656.6706406412392
32.09722900390625,647.1881656199806
32.10723114013672,638.185168300176
32.11722946166992,629.6212792082979
32.12723159790039,621.4607390780748
32.137229919433594,613.6717155150906
32.1472282409668,606.2257957083658
32.157230377197266,599.0975084831024
32.16722869873047,592.2639598428347
32.17723083496094,585.7044964225925
32.18722915649414,579.4004404034835
32.19723129272461,573.3348557521967
32.20722961425781,567.4923380810658
32.21723175048828,561.8588543788826
32.227230072021484,556.4215833875868
32.23722839355469,551.1687816294052
32.247230529785156,546.0896809895834
32.25722885131836,541.1743803478423
32.26723098754883,536.4137602767887
32.27722930908203,531.7994049833475
32.2872314453125,527.3235358759389
32.2972297668457,522.9789469308774
32.30723190307617,518.7589616494384
32.317230224609375,514.6573708232207
32.32722854614258,510.66840254710826
32.33723068237305,506.78667394013814
32.34722900390625,503.0071661870586
32.35723114013672,499.3251873082675
32.36722946166992,495.7363495311319
32.37723159790039,492.23653803426754
32.387229919433594,488.82189823764793
32.3972282409668,485.4888054926289
32.407230377197266,482.23385562449806
32.41722869873047,479.0538387745506
32.42723083496094,475.94573490203373
32.43722915649414,472.9066915937382
32.44723129272461,469.93401684404233
32.45722961425781,467.0251658375481
32.46723175048828,464.17772789318633
32.477230072021484,461.38942189695973
32.48722839355469,458.65808693676036
32.497230529785156,455.98166682444463
32.50722885131836,453.3582140402819
32.51723098754883,450.78587554677904
32.52722930908203,448.26288799075405
32.5372314453125,445.78757322834736
32.5472297668457,443.3583322584133
32.55723190307617,440.973642039281
32.567230224609375,438.6320482457306
32.57722854614258,436.33215887944806
32.58723068237305,434.0726491130849
32.59722900390625,431.8522498490499
32.60723114013672,429.6697477195088
32.61722946166992,427.52398123420375
32.62723159790039,425.4138360055936
32.637229919433594,423.3382466403445
32.6472282409668,421.2961897961767
32.657230377197266,419.2866848277397
32.66722869873047,417.3087882505433
32.67723083496094,415.36159655512597
32.68722915649414,413.4442406017854
32.69723129272461,411.55588409815965
32.70722961425781,409.6957222382768
32.71723175048828,407.8629817256221
32.727230072021484,406.05691920458503
32.73722839355469,404.2768155859892
32.747230529785156,402.52197830765334
32.75722885131836,400.7917437333549
32.76723098754883,399.0854668419017
32.77722930908203,397.40252906989616
32.7872314453125,395.7423323373946
32.7972297668457,394.104297548555
32.80723190307617,392.48786738273867
32.817230224609375,390.892500966044
32.82722854614258,389.3176800993835
32.83723068237305,387.7628995703642
32.84722900390625,386.2276715360081
32.85723114013672,384.71152397726667
32.86722946166992,383.2140029595823
32.87723159790039,381.73466465172226
32.887229919433594,380.2730829378735
32.8972282409668,378.8288410212718
32.907230377197266,377.40154016657664
32.91722869873047,375.99078839706453
32.92723083496094,374.5962109670257
32.93722915649414,373.21744009696977
32.94723129272461,371.85412260878746
32.95722961425781,370.50591240592377
32.96723175048828,369.17247587104504
32.977230072021484,367.85348965161154
32.98722839355469,366.54863583888414
32.997230529785156,365.2576117713796
33.00722885131836,363.98011769405025
33.01723098754883,362.71586727681523
33.02722930908203,361.46457709602936
33.0372314453125,360.2259753768586
33.0472297668457,358.99979800269716
33.05723190307617,357.78578438618285
33.067230224609375,356.58368623463923
33.07722854614258,355.39325751595123
33.08723068237305,354.2142602022363
33.09722900390625,353.04646618440125
33.10723114013672,351.8896474225541
33.11722946166992,350.7435852419853
33.12723159790039,349.6080666424556
33.137229919433594,348.4828835600538
33.1472282409668,347.36783378987445
33.157230377197266,346.26272027094257
33.16722869873047,345.16734822591144
33.17723083496094,344.08153362663427
33.18722915649414,343.0050930908388
33.19723129272461,341.9378488415223
33.20722961425781,340.8796247394357
33.21723175048828,339.8302540335796
33.227230072021484,338.78957045736047
33.23722839355469,337.7574128881153
33.247230529785156,336.733625600848
33.25722885131836,335.7180538393743
33.26723098754883,334.7105494446585
33.27722930908203,333.71096460366914
33.2872314453125,332.7191567857069
33.2972297668457,331.7349892268105
33.30723190307617,330.7583237098008
33.317230224609375,329.7890284762451
33.32722854614258,328.8269762888337
33.33723068237305,327.872035366067
33.34722900390625,326.924085367654
33.35723114013672,325.9830075679903
33.36722946166992,325.0486801504999
33.37723159790039,324.1209904100529
33.387229919433594,323.19982577992135
33.3972282409668,322.28507403938136
33.407230377197266,321.3766294264559
33.41722869873047,320.4743882782605
33.42723083496094,319.57824407160865
33.43722915649414,318.68809921022444
33.44723129272461,317.8038562593006
33.45722961425781,316.9254165384144
33.46723175048828,316.05268775668907
33.477230072021484,315.185576977373
33.48722839355469,314.3239965921807
33.497230529785156,313.4678557865203
33.50722885131836,312.6170737337904
33.51723098754883,311.7715604267423
33.52722930908203,310.93123746080465
33.5372314453125,310.09602271762657
33.5472297668457,309.26583887678333
33.55723190307617,308.4406065187577
33.567230224609375,307.62025339785436
33.57722854614258,306.8047041082058
33.58723068237305,305.99388718839316
33.59722900390625,305.1877302081857
33.60723114013672,304.3861674267689
33.61722946166992,303.5891276364604
33.62723159790039,302.796544934977
33.637229919433594,302.00835840249727
33.6472282409668,301.2244996455071
33.657230377197266,300.44490903593424
33.66722869873047,299.66952623063116
33.67723083496094,298.89828825681747
33.68722915649414,298.1311412992932
33.69723129272461,297.3680254762495
33.70722961425781,296.6088849656616
33.71723175048828,295.85366595232927
33.727230072021484,295.1023132601022
33.73722839355469,294.3547748038017
33.747230529785156,293.6109994670611
33.75722885131836,292.8709362027146
33.76723098754883,292.1345361549568
33.77722930908203,291.4017505371832
33.7872314453125,290.67253017065116
33.7972297668457,289.946832681369
33.80723190307617,289.2246078295142
33.817230224609375,288.5058134486976
33.82223129272461,288.14726821311206
34.82223129272461,228.4416978508797
35.82223129272461,185.4680234947983
36.69102096557617,156.33774172782176
36.692020416259766,182.70028164056964
36.69301986694336,492.9754504076207
36.69401931762695,929.7057978369842
36.69501876831055,1244.0760123900907
36.69601821899414,1451.7854007596961
36.697021484375,1571.4699914633823
36.698020935058594,1648.599792803406
36.69902038574219,1696.3243935974997
36.70001983642578,1723.6756445091057
36.701019287109375,1736.855959061142
36.70201873779297,1740.146219843189
36.70301818847656,1736.5231718609753
36.70402145385742,1728.0740487004264
36.705020904541016,1716.274666876299
36.70602035522461,1702.1767525532348
36.71601867675781,1535.8794641011787
36.72602081298828,1397.9255887793486
36.736019134521484,1287.866167202558
36.74602127075195,1201.8502736109635
36.756019592285156,1130.9361232720084
36.766021728515625,1071.5869527227123
36.77602005004883,1021.2081862123105
36.78601837158203,977.8858421135382
36.7960205078125,940.1928197005799
36.8060188293457,907.0517092334981
36.81602096557617,877.6386016591966
36.826019287109375,851.3153764028398
36.836021423339844,827.5816768032082
36.84601974487305,806.0404946809452
36.856021881103516,786.3732479726917
36.86602020263672,768.3215194552213
36.87601852416992,751.6735654846791
36.88602066040039,736.2542392906598
36.896018981933594,721.9173380072515
36.90602111816406,708.5398255547879
36.916019439697266,696.0173328310274
36.926021575927734,684.2607045422336
36.93601989746094,673.1932498992436
36.94601821899414,662.7486094318369
36.95602035522461,652.8690186008214
36.96601867675781,643.5039420037764
36.97602081298828,634.6089294848799
36.986019134521484,626.1447256121415
36.99602127075195,618.0765090677113
37.006019592285156,610.3732598291052
37.016021728515625,603.0072619379783
37.02602005004883,595.9536431760204
37.03601837158203,589.1900346890058
37.0460205078125,582.6962445432818
37.0560188293457,576.4539955929204
37.06602096557617,570.446702099351
37.076019287109375,564.6592783217887
37.086021423339844,559.0779626086546
37.09601974487305,553.6901785806554
37.106021881103516,548.4844054483773
37.11602020263672,543.4500606476314
37.12601852416992,538.5774291161778
37.13602066040039,533.8575372097624
37.146018981933594,529.2821151029856
37.15602111816406,524.8435149016203
37.166019439697266,520.5346410265495
37.176021575927734,516.3489208264687
37.18601989746094,512.2802395521468
37.19601821899414,508.32291664359974
37.20602035522461,504.471644233594
37.21601867675781,500.72147482989504
37.22602081298828,497.06778558455716
37.236019134521484,493.506246692199
37.24602127075195,490.032802705772
37.256019592285156,486.64364753198373
37.266021728515625,483.33520773082455
37.27602005004883,480.1041201867574
37.28601837158203,476.94722045990704
37.2960205078125,473.8615235482214
37.3060188293457,470.84421650604685
37.31602096557617,467.8926373840009
37.326019287109375,465.0042742140259
37.336021423339844,462.17674595608645
37.34601974487305,459.40779931492995
37.356021881103516,456.69529621473157
37.36602020263672,454.0372107311892
37.37601852416992,451.43161333679524
37.38602066040039,448.87667468381665
37.396018981933594,446.37064989570047
37.40602111816406,443.91188525648977
37.416019439697266,441.49879498240267
37.426021575927734,439.1298760538829
37.43601989746094,436.80368747840936
37.44601821899414,434.51885661084094
37.45602035522461,432.27407087238106
37.46601867675781,430.0680775199077
37.47602081298828,427.89967462679516
37.486019134521484,425.76771375868054
37.49602127075195,423.6710932609806
37.506019592285156,421.60875996584616
37.516021728515625,419.5796995040421
37.52602005004883,417.5829431096983
37.53601837158203,415.61755703257865
37.5460205078125,413.6826477973459
37.5560188293457,411.7773541531956
37.56602096557617,409.90085048776456
37.576019287109375,408.0523379924887
37.586021423339844,406.2310543045886
37.59601974487305,404.43625927476023
37.606021881103516,402.66724426315665
37.61602020263672,400.9233246426283
37.62601852416992,399.20383998325894
37.63602066040039,397.50815562091805
37.646018981933594,395.835655967845
37.65602111816406,394.18574921830714
37.666019439697266,392.5578638424228
37.676021575927734,390.95144706374305
37.68601989746094,389.36596146840895
37.69601821899414,387.80089605422245
37.70602035522461,386.25574941483757
37.71601867675781,384.73003832066684
37.72602081298828,383.22329559672175
37.736019134521484,381.7350700995459
37.74602127075195,380.26492413371597
37.756019592285156,378.8124318602224
37.766021728515625,377.37718453266723
37.77602005004883,375.95878486892803
37.78601837158203,374.5568462207474
37.7960205078125,373.1709934733442
37.8060188293457,371.800865213707
37.81602096557617,370.4461087250655
37.826019287109375,369.10638257038926
37.836021423339844,367.7813566385213
37.84601974487305,366.4707076922566
37.856021881103516,365.17412446613844
37.86602020263672,363.89130143838133
37.87601852416992,362.6219468351034
37.88602066040039,361.3657704509755
37.896018981933594,360.1224974893929
37.90602111816406,358.89185513750857
37.916019439697266,357.673580109127
37.926021575927734,356.46741686854864
37.93601989746094,355.27311541614256
37.94601821899414,354.090434932925
37.95602035522461,352.91913870582954
37.96601867675781,351.7589965958714
37.97602081298828,350.6097872525746
37.986019134521484,349.47128960226667
37.99602127075195,348.3432944968895
38.006019592285156,347.22559557948614
38.016021728515625,346.1179890304646
38.02602005004883,345.0202809028885
38.03601837158203,343.93228172481014
38.0460205078125,342.85380237028625
38.0560188293457,341.78466264028395
38.06602096557617,340.7246864878221
38.076019287109375,339.67369913460175
38.086021423339844,338.63153546737703
38.09601974487305,337.5980279047383
38.106021881103516,336.57301975287726
38.11602020263672,335.55635201129064
38.12601852416992,334.5478738221091
38.13602066040039,333.54743522707474
38.146018981933594,332.5548925652075
38.15602111816406,331.57010212939343
38.166019439697266,330.592928285952
38.176021575927734,329.62323401718544
38.18601989746094,328.66088795679946
38.19601821899414,327.70576033011946
38.20602035522461,326.75772569905786
38.21601867675781,325.8166628467793
38.22602081298828,324.88244854962386
38.236019134521484,323.954967957235
38.24602127075195,323.0341047429714
38.256019592285156,322.1197486929342
38.266021728515625,321.21178890121587
38.27602005004883,320.3101181756882
38.28601837158203,319.41463292266775
38.2960205078125,318.5252300790108
38.3060188293457,317.64180976481305
38.31602096557617,316.7642736917901
38.326019287109375,315.8925263396917
38.336021423339844,315.0264756713775
38.34601974487305,314.16602948823845
38.356021881103516,313.31109686034785
38.36602020263672,312.4615917249061
38.37601852416992,311.6174277192431
38.38602066040039,310.77852191766465
38.396018981933594,309.9447916020792
38.40602111816406,309.1161572607016
38.416019439697266,308.29253855133635
38.426021575927734,307.4738617058694
38.43601989746094,306.6600501881525
38.44601821899414,305.85102956113
38.45602035522461,305.0467284556509
38.46601867675781,304.2470775324561
38.47602081298828,303.452005260926
38.486019134521484,302.6614458310451
38.49602127075195,301.87533264852163
38.506019592285156,301.0936013796252
38.516021728515625,300.31618946678066
38.52602005004883,299.5430324378558
38.53601837158203,298.7740711030506
38.5460205078125,298.00924537295384
38.5560188293457,297.24849820299215
38.56602096557617,296.49176901934817
38.576019287109375,295.739006890191
38.586021423339844,294.9901528794569
38.59601974487305,294.2451549942351
38.606021881103516,293.5039603650705
38.61602020263672,292.15559720524493
38.62601852416992,291.2761781999584
38.63602066040039,290.57494464392744
38.646018981933594,289.9115015146684
38.65602111816406,289.2497251341943
38.666019439697266,288.58284320672715
38.676021575927734,287.9109320838796
38.68601989746094,287.2353576291085
38.69102096557617,286.8968404364784
39.69102096557617,228.08465164426772
40.69102096557617,185.51920873940398
41.29867935180664,164.75158295808015
41.299678802490234,174.1632912103101
41.30067825317383,345.44325085652207
41.30168151855469,674.1258351620813
41.30268096923828,960.4134297504266
41.303680419921875,1173.807437080735
41.30467987060547,1312.9305055925365
41.30567932128906,1411.756104438303
41.306678771972656,1480.826807231139
41.30767822265625,1528.0398937406994
41.30868148803711,1559.1971119068287
41.3096809387207,1578.533109934512
41.3106803894043,1589.1390617987647
41.31167984008789,1593.2795581774376
41.312679290771484,1592.6224855176445
41.31367874145508,1588.4038173591919
41.32368087768555,1475.913450487617
41.33367919921875,1361.0981587404926
41.34368133544922,1264.1252229190288
41.35367965698242,1185.7950263221608
41.36368179321289,1120.0907617224407
41.373680114746094,1064.4108181792683
41.3836784362793,1016.6999966599053
41.393680572509766,975.3709131357621
41.40367889404297,939.2025059752634
41.41368103027344,907.2519140495825
41.42367935180664,878.78567654818
41.43368148803711,853.227997725783
41.44367980957031,830.1223892823189
41.453678131103516,809.1033241231605
41.463680267333984,789.8751869807168
41.47367858886719,772.1966148601367
41.483680725097656,755.8686944178713
41.49367904663086,740.7260702973681
41.50368118286133,726.6301331350683
41.51367950439453,713.4637912049585
41.523681640625,701.1274003470746
41.5336799621582,689.5355938762224
41.543678283691406,678.6147604413944
41.553680419921875,668.3010570384838
41.56367874145508,658.5388096400669
41.57368087768555,649.2792133726321
41.58367919921875,640.4792853230701
41.59368133544922,632.1010066787131
41.60367965698242,624.1106064984588
41.61368179321289,616.4779689843602
41.623680114746094,609.1761486142851
41.6336784362793,602.1809569205286
41.643680572509766,595.4706013074717
41.65367889404297,589.0254001747184
41.66368103027344,582.8275247978966
41.67367935180664,576.8607819918332
41.68368148803711,571.1104328043066
41.69367980957031,565.5630190064307
41.703678131103516,560.206240561003
41.713680267333984,555.0288127919354
41.72367858886719,550.0203814978682
41.733680725097656,545.1714108006483
41.74367904663086,540.4731118684452
41.75368118286133,535.9173650878537
41.76367950439453,531.4966622119769
41.773681640625,527.2040406657454
41.7836799621582,523.0330432248854
41.793678283691406,518.9776562887524
41.803680419921875,515.0322935489299
41.81367874145508,511.1917375606384
41.82368087768555,507.4511242648101
41.83367919921875,503.8058966004479
41.84368133544922,500.2517979536107
41.85367965698242,496.78483031396155
41.86368179321289,493.4012481850922
41.873680114746094,490.0975287128198
41.8836784362793,486.8703593443671
41.893680572509766,483.7166194901355
41.90367889404297,480.63336670660016
41.91368103027344,477.617825762575
41.92367935180664,474.6673756755849
41.93368148803711,471.77953428007487
41.94367980957031,468.9519545366975
41.953678131103516,466.18241306803753
41.963680267333984,463.4688004243581
41.97367858886719,460.809114532586
41.983680725097656,458.20145225380736
41.99367904663086,455.64400970620454
42.00368118286133,453.13506201227233
42.01367950439453,450.6729752244322
42.023681640625,448.2561862567835
42.0336799621582,445.8832078444985
42.043678283691406,443.55261756395265
42.053680419921875,441.26306076222806
42.06367874145508,439.0132398540471
42.07368087768555,436.8019150368481
42.08367919921875,434.62790161501886
42.09368133544922,432.4900629875431
42.10367965698242,430.3873121242855
42.11368179321289,428.3186051072447
42.123680114746094,426.28294325271344
42.1336784362793,424.27936446117076
42.143680572509766,422.30694939922586
42.15367889404297,420.3648131955147
42.16368103027344,418.4521039413487
42.17367935180664,416.5680049974091
42.18368148803711,414.71172788912656
42.19367980957031,412.8825157205894
42.203678131103516,411.07964036037595
42.213680267333984,409.30239732069043
42.22367858886719,407.55011092436104
42.233680725097656,405.8221278922268
42.24367904663086,404.11781898089095
42.25368118286133,402.4365785905834
42.26367950439453,400.77781613811976
42.273681640625,399.14096832852067
42.2836799621582,397.5254866757901
42.293678283691406,395.9308436156581
42.303680419921875,394.3565288379349
42.31367874145508,392.8020462186068
42.32368087768555,391.26691794882015
42.33367919921875,389.7506831277976
42.34368133544922,388.2528925727735
42.35367965698242,386.7731134554516
42.36368179321289,385.3109261879665
42.373680114746094,383.86592264672794
42.3836784362793,382.43771009380316
42.393680572509766,381.0259073478024
42.40367889404297,379.6301402166227
42.41368103027344,378.2500516007727
42.42367935180664,376.8852924972615
42.43368148803711,375.5355231529461
42.44367980957031,374.20041807006004
42.453678131103516,372.8796556952859
42.463680267333984,371.5729261241172
42.47367858886719,370.2799301551133
42.483680725097656,369.0003744227726
42.49367904663086,367.733974073299
42.50368118286133,366.4804538948826
42.51367950439453,365.23954522672784
42.523681640625,364.01098835801685
42.5336799621582,362.7945261844972
42.543678283691406,361.58991297392436
42.553680419921875,360.39690793038136
42.56367874145508,359.2152779161795
42.57368087768555,358.0447948452927
42.58367919921875,356.8852362600314
42.59368133544922,355.73638595384983
42.60367965698242,354.5980341097485
42.61368179321289,353.46997552411807
42.623680114746094,352.3520109446231
42.6336784362793,351.243943564025
42.643680572509766,350.14558730121826
42.65367889404297,349.0567551293521
42.66368103027344,347.97726673405907
42.67367935180664,346.90694620675964
42.68368148803711,345.84562365934875
42.69367980957031,344.79313005719865
42.703678131103516,343.74930254762495
42.713680267333984,342.7139830989362
42.72367858886719,341.68701612453793
42.733680725097656,340.668249290276
42.74367904663086,339.65753492152066
42.75368118286133,338.6547291035555
42.76367950439453,337.65968944408274
42.773681640625,336.6722800787524
42.7836799621582,335.6923668732358
42.793678283691406,334.7198146090576
42.803680419921875,333.75450105443656
42.81367874145508,332.79629701137185
42.82368087768555,331.8450800635467
42.83367919921875,330.9007330077756
42.84368133544922,329.9631364264456
42.85367965698242,329.0321779142972
42.86368179321289,328.1077447431338
42.873680114746094,327.18972882121597
42.8836784362793,326.27802277188005
42.893680572509766,325.3725231167771
42.90367889404297,324.47312640062535
42.91368103027344,323.5797338046004
42.92367935180664,322.692246902016
42.93368148803711,321.8105726638529
42.94367980957031,320.9346170922796
42.953678131103516,320.0642879886872
42.963680267333984,319.1994977909241
42.97367858886719,318.34015626107214
42.983680725097656,317.4861811423788
42.99367904663086,316.63748657964703
43.00368118286133,315.7939927842882
43.01367950439453,314.9556176610184
43.023681640625,314.12228488129193
43.0336799621582,313.2939156022652
43.043678283691406,312.4704370938371
43.053680419921875,311.65177395013995
43.06367874145508,310.837857108718
43.07368087768555,310.0286137933363
43.08367919921875,309.22397418032966
43.09368133544922,308.42387377449893
43.10367965698242,307.6282439285936
43.11368179321289,306.83702125462816
43.123680114746094,306.0501421570147
43.1336784362793,305.26754463178503
43.143680572509766,304.48916711324284
43.15367889404297,303.71495110359683
43.16368103027344,302.9448381511893
43.17367935180664,302.1787717650537
43.18368148803711,301.41669365500104
43.19367980957031,300.658550651706
43.203678131103516,299.9042894243743
43.213680267333984,299.1538565730111
43.22367858886719,298.4072000124377
43.233680725097656,297.66427035630875
43.24367904663086,296.92501727253403
43.25368118286133,296.1893936583965
43.26367950439453,295.45734860513215
43.273681640625,294.72883867766944
43.2836799621582,294.00381884931704
43.293678283691406,293.28224012586804
43.29867935180664,292.9223072746894
44.29867935180664,232.95420175380806
45.29867935180664,189.68974931620326
46.02206039428711,164.79196750586084
46.0230598449707,167.974592616859
46.0240592956543,257.83575291824627
46.02505874633789,489.48160652743087
46.026058197021484,731.8219366210568
46.027061462402344,933.5279612984517
46.02806091308594,1079.0945264797542
46.02906036376953,1189.8600917363474
46.030059814453125,1273.0822975348995
46.03105926513672,1334.892858157803
46.03205871582031,1380.1863209096573
46.033058166503906,1412.7677194792848
46.034061431884766,1435.5601755893329
46.03506088256836,1450.799939675306
46.03606033325195,1460.1979706433356
46.03705978393555,1465.0666497447503
46.04705810546875,1404.7220994137672
46.05706024169922,1313.35740545133
46.06705856323242,1229.8993085081254
46.07706069946289,1159.6191257698827
46.087059020996094,1099.4249845174616
46.09706115722656,1047.6615125406715
46.107059478759766,1002.8239827289423
46.117061614990234,963.6604956571388
46.12705993652344,929.1627934024087
46.13705825805664,898.5277173884962
46.14706039428711,871.1162380181022
46.15705871582031,846.4180228650705
46.16706085205078,824.0229718704974
46.177059173583984,803.5990571521577
46.18706130981445,784.8752909204046
46.197059631347656,767.6286787637147
46.207061767578125,751.6742351183095
46.21706008911133,736.8572837962225
46.22705841064453,723.047531716137
46.237060546875,710.1344233114253
46.2470588684082,698.0235206794306
46.25706100463867,686.6336363131408
46.267059326171875,675.8945692182037
46.277061462402344,665.7452679992352
46.28705978393555,656.132358680777
46.29705810546875,647.0089681081851
46.30706024169922,638.333732945218
46.31705856323242,630.0699936685829
46.32706069946289,622.185151322899
46.337059020996094,614.6500854492188
46.34706115722656,607.4387108766033
46.357059478759766,600.5275798633255
46.367061614990234,593.8955404753048
46.37705993652344,587.5234820192182
46.38705825805664,581.3940635906055
46.39706039428711,575.491530783863
46.40705871582031,569.8015181468638
46.41706085205078,564.3109137779461
46.427059173583984,559.00771349664
46.43706130981445,553.8809019104604
46.447059631347656,548.920363561006
46.457061767578125,544.1167761701034
46.46706008911133,539.4615418541548
46.47705841064453,534.9467153859157
46.487060546875,530.5649426518654
46.4970588684082,526.3094021544165
46.50706100463867,522.1737615076413
46.517059326171875,518.1521310726981
46.527061462402344,514.2390213070363
46.53705978393555,510.429317183145
46.54705810546875,506.7182370601778
46.55706024169922,503.1013097554017
46.56705856323242,499.57434866307636
46.57706069946289,496.13342732655127
46.587059020996094,492.7748622072527
46.59706115722656,489.4951882567806
46.607059478759766,486.29114528433985
46.617061614990234,483.15966487777837
46.62705993652344,480.0978500816017
46.63705825805664,477.10296863835595
46.64706039428711,474.1724386409837
46.65705871582031,471.303816745611
46.66706085205078,468.49479002891303
46.677059173583984,465.7431691141626
46.68706130981445,463.0468733391794
46.697059631347656,460.4039308485981
46.707061767578125,457.8124670373249
46.71706008911133,455.27069984487935
46.72705841064453,452.7769319126305
46.737060546875,450.32954901524414
46.7470588684082,447.9270118027137
46.75706100463867,445.56785164830904
46.767059326171875,443.25066746533685
46.777061462402344,440.97411901772426
46.78705978393555,438.73693024166045
46.79705810546875,436.5378743674119
46.80706024169922,434.37578298463484
46.81705856323242,432.2495352239746
46.82706069946289,430.15805729572645
46.837059020996094,428.10031769190965
46.84706115722656,426.07533032337284
46.857059478759766,424.0821486146542
46.867061614990234,422.11986142113096
46.87705993652344,420.18759427463476
46.88705825805664,418.2845078840998
46.89706039428711,416.40979398351135
46.90705871582031,414.5626746629641
46.91706085205078,412.74240220719366
46.927059173583984,410.9482554971316
46.93706130981445,409.1795406096466
46.947059631347656,407.4355888107196
46.957061767578125,405.7157545024846
46.96706008911133,404.0194146465552
46.97705841064453,402.34596938683245
46.987060546875,400.694839742809
46.9970588684082,399.065465118339
47.00706100463867,397.4573044088512
47.017059326171875,395.86983613975104
47.027061462402344,394.3025532302222
47.03705978393555,392.7549683447598
47.04705810546875,391.22660701921825
47.05706024169922,389.71701294314386
47.06705856323242,388.22574244677253
47.07706069946289,386.75236888375144
47.087059020996094,385.29647324288874
47.09706115722656,383.8576558661659
47.107059478759766,382.4355248460604
47.117061614990234,381.02970107720824
47.12705993652344,379.6398215549783
47.13705825805664,378.26552583517133
47.14706039428711,376.9064716042124
47.15705871582031,375.5623230072737
47.16706085205078,374.2327545696555
47.177059173583984,372.91745124292123
47.18706130981445,371.6161033763006
47.197059631347656,370.3284163817437
47.207061767578125,369.05409959258225
47.21706008911133,367.79287043864855
47.22705841064453,366.544454953748
47.237060546875,365.3085892519443
47.2470588684082,364.08501332254906
47.25706100463867,362.8734748361693
47.267059326171875,361.67372990591633
47.277061462402344,360.4855391890914
47.28705978393555,359.30867088588906
47.29705810546875,358.1428981328317
47.30706024169922,356.9880029702853
47.31705856323242,355.8437706449225
47.32706069946289,354.70999198561805
47.337059020996094,353.58646280370874
47.34706115722656,352.47298719156714
47.357059478759766,351.36937000277544
47.367061614990234,350.27542404901413
47.37705993652344,349.1909641257219
47.38705825805664,348.1158150163277
47.39706039428711,347.0497997973061
47.40705871582031,345.9927477732087
47.41706085205078,344.9444939691914
47.427059173583984,343.90487753939465
47.43706130981445,342.87373754569103
47.447059631347656,341.8509232224791
47.457061767578125,340.83628101305624
47.46706008911133,339.8296667259026
47.47705841064453,338.8309334937317
47.487060546875,337.8399448755197
47.4970588684082,336.85656221581513
47.50706100463867,335.880652118432
47.517059326171875,334.9120841858879
47.527061462402344,333.9507316883459
47.53705978393555,332.99646916465156
47.54705810546875,332.0491744291575
47.55706024169922,331.10873108602163
47.56705856323242,330.17502089404553
47.57706069946289,329.2479309174299
47.587059020996094,328.32734941985694
47.59706115722656,327.41317017801043
47.607059478759766,326.5052833931967
47.617061614990234,325.6035893700471
47.62705993652344,324.70798382286944
47.63705825805664,323.8183691323209
47.64706039428711,322.93464682558135
47.65705871582031,322.05672396589927
47.66706085205078,321.1845066246442
47.677059173583984,320.3179038026886
47.68706130981445,319.45682583878823
47.697059631347656,318.6011893920437
47.707061767578125,317.7509054701525
47.71706008911133,316.9058929005087
47.72705841064453,316.06606898808786
47.737060546875,315.23135429030555
47.7470588684082,314.40167323982547
47.75706100463867,313.57694611725987
47.767059326171875,312.7571000079719
47.777061462402344,311.94206112078075
47.78705978393555,311.13175714079034
47.79705810546875,310.3261202050264
47.80706024169922,309.52508060515873
47.81705856323242,308.7285677563126
47.82706069946289,307.9365212692065
47.837059020996094,307.14887231205415
47.84706115722656,306.36555929609256
47.857059478759766,305.5865210938976
47.867061614990234,304.81169639350964
47.87705993652344,304.04102492098184
47.88705825805664,303.2744485706609
47.89706039428711,302.5119115666557
47.90705871582031,301.7533586174813
47.91706085205078,300.9987323556267
47.927059173583984,300.2479819415288
47.93706130981445,299.5010519222337
47.947059631347656,298.75789362647185
47.957061767578125,298.0184554765374
47.96706008911133,297.2826863560637
47.97705841064453,296.55054047715004
47.987060546875,295.8219683842504
47.9970588684082,295.0969241741293
48.00706100463867,294.37536311996587
48.017059326171875,293.65723818824404
48.02206039428711,293.2990303760393
49.02206039428711,236.18174155445055
50.0,194.2093162161783
